layer,model,layer_count,layer_index_convention,rows,sample_count,visual_mass.ci95_high,visual_mass.ci95_low,visual_mass.mean,visual_mass.median,visual_mass.n,visual_mass.p25,visual_mass.p75,visual_mass.std,ci95_method
0,Qwen/Qwen2.5-VL-3B-Instruct,36,zero_based_native_decoder_layer,1000,1000,0.7707365024312806,0.7288498567644642,0.7497931795978724,0.6059543456082939,1000,0.4720543103469949,0.9817702783964206,0.3379010302335771,normal_approximation_1.96_SE
1,Qwen/Qwen2.5-VL-3B-Instruct,36,zero_based_native_decoder_layer,1000,1000,1.0302970824911815,0.986715631276136,1.0085063568836587,0.838020528175548,1000,0.7246325288701883,1.3084511294255208,0.3515730856506533,normal_approximation_1.96_SE
2,Qwen/Qwen2.5-VL-3B-Instruct,36,zero_based_native_decoder_layer,1000,1000,1.0096092633358145,0.9824852633202666,0.9960472633280405,0.9252229292051197,1000,0.8036419898071472,1.2166322187986225,0.21881025332544268,normal_approximation_1.96_SE
3,Qwen/Qwen2.5-VL-3B-Instruct,36,zero_based_native_decoder_layer,1000,1000,0.2552143531052506,0.24883400414589332,0.25202417862557197,0.24680592778895516,1000,0.21802470455440925,0.2795139467707486,0.051470497393505385,normal_approximation_1.96_SE
4,Qwen/Qwen2.5-VL-3B-Instruct,36,zero_based_native_decoder_layer,1000,1000,0.29552804431338625,0.28985779421999375,0.29269291926669,0.2877354864322115,1000,0.2601479009896508,0.3196412491488445,0.04574210509669106,normal_approximation_1.96_SE
5,Qwen/Qwen2.5-VL-3B-Instruct,36,zero_based_native_decoder_layer,1000,1000,0.4622272761055996,0.4518300439120299,0.45702866000881476,0.4396612277487293,1000,0.4004755944479257,0.4979370384244248,0.08387483442170635,normal_approximation_1.96_SE
6,Qwen/Qwen2.5-VL-3B-Instruct,36,zero_based_native_decoder_layer,1000,1000,1.2218135570058912,1.201328155039755,1.211570856022823,1.2221531863324344,1000,1.0785384361515753,1.347218697424978,0.16525645152316695,normal_approximation_1.96_SE
7,Qwen/Qwen2.5-VL-3B-Instruct,36,zero_based_native_decoder_layer,1000,1000,1.8155763705443773,1.7608470283011315,1.7882116994227544,1.8676844249857822,1000,1.375448602673714,2.1588114695769036,0.44150351104980945,normal_approximation_1.96_SE
8,Qwen/Qwen2.5-VL-3B-Instruct,36,zero_based_native_decoder_layer,1000,1000,2.01342457825866,1.9864395136366277,1.999932045947644,1.9616282742354088,1000,1.8467652692925185,2.136225876631215,0.21768945666442246,normal_approximation_1.96_SE
9,Qwen/Qwen2.5-VL-3B-Instruct,36,zero_based_native_decoder_layer,1000,1000,1.4582107114396574,1.4377621832168652,1.4479864473282613,1.449774911343411,1000,1.3245059362070606,1.578743854392087,0.164958989750659,normal_approximation_1.96_SE
10,Qwen/Qwen2.5-VL-3B-Instruct,36,zero_based_native_decoder_layer,1000,1000,0.8336648207642497,0.8191159747054558,0.8263903977348528,0.8211205815896392,1000,0.7341546398674836,0.913923240834265,0.1173660481452874,normal_approximation_1.96_SE
11,Qwen/Qwen2.5-VL-3B-Instruct,36,zero_based_native_decoder_layer,1000,1000,1.0873872739400505,1.0686445999109162,1.0780159369254834,1.058766527014086,1000,0.9618098751525395,1.1931484587403247,0.1511978045258904,normal_approximation_1.96_SE
12,Qwen/Qwen2.5-VL-3B-Instruct,36,zero_based_native_decoder_layer,1000,1000,2.9229657887641993,2.8867314596490283,2.904848624206614,2.8992766987066716,1000,2.6868251488776878,3.1194779528304935,0.29230359564309566,normal_approximation_1.96_SE
13,Qwen/Qwen2.5-VL-3B-Instruct,36,zero_based_native_decoder_layer,1000,1000,0.9894246619870908,0.9735744272988451,0.981499544642968,0.9664884628436994,1000,0.8768546935571067,1.0763088909862972,0.12786439556904322,normal_approximation_1.96_SE
14,Qwen/Qwen2.5-VL-3B-Instruct,36,zero_based_native_decoder_layer,1000,1000,1.0740809534327853,1.0470809334510276,1.0605809434419065,1.0994923114049016,1000,0.8520410037845068,1.234583836145248,0.21781010207248178,normal_approximation_1.96_SE
15,Qwen/Qwen2.5-VL-3B-Instruct,36,zero_based_native_decoder_layer,1000,1000,1.1395864466700774,1.1138441366298752,1.1267152916499763,1.1270304298232077,1000,0.9384693879255792,1.2981748175807297,0.20766411214607108,normal_approximation_1.96_SE
16,Qwen/Qwen2.5-VL-3B-Instruct,36,zero_based_native_decoder_layer,1000,1000,1.1090694477118843,1.074519889928092,1.0917946688199882,1.07104025373701,1000,0.8670437126420438,1.2986280692275614,0.27871248660301834,normal_approximation_1.96_SE
17,Qwen/Qwen2.5-VL-3B-Instruct,36,zero_based_native_decoder_layer,1000,1000,1.8873318606485976,1.8579902469256064,1.872661053787102,1.8653483411762863,1000,1.7121296533150598,2.0210806871182285,0.2366998203813906,normal_approximation_1.96_SE
18,Qwen/Qwen2.5-VL-3B-Instruct,36,zero_based_native_decoder_layer,1000,1000,1.053886177673198,1.035943971746437,1.0449150747098175,1.033051866805181,1000,0.9378732720506378,1.1406322079710662,0.14474040044984054,normal_approximation_1.96_SE
19,Qwen/Qwen2.5-VL-3B-Instruct,36,zero_based_native_decoder_layer,1000,1000,1.4819045617602051,1.4566893674969452,1.4692969646285752,1.4558267922416235,1000,1.3373611628849176,1.6011872509379828,0.20341185080487773,normal_approximation_1.96_SE
20,Qwen/Qwen2.5-VL-3B-Instruct,36,zero_based_native_decoder_layer,1000,1000,2.8179013017104166,2.7628381410303504,2.7903697213703835,2.77241827069156,1000,2.430324685954929,3.1344531852132604,0.4441964360123383,normal_approximation_1.96_SE
21,Qwen/Qwen2.5-VL-3B-Instruct,36,zero_based_native_decoder_layer,1000,1000,2.1462844034010873,2.074747353589502,2.1105158784952947,1.9745502662844956,1000,1.6754483391414396,2.4251473457552493,0.5770918737079848,normal_approximation_1.96_SE
22,Qwen/Qwen2.5-VL-3B-Instruct,36,zero_based_native_decoder_layer,1000,1000,1.251743316602679,1.2192853591951822,1.2355143378989306,1.2059942902997136,1000,1.031604908988811,1.403815558180213,0.2618394734806744,normal_approximation_1.96_SE
23,Qwen/Qwen2.5-VL-3B-Instruct,36,zero_based_native_decoder_layer,1000,1000,1.234229167294396,1.1942012508923152,1.2142152090933556,1.2266691124023055,1000,0.9149552009730542,1.4612746656239324,0.32290659648313075,normal_approximation_1.96_SE
24,Qwen/Qwen2.5-VL-3B-Instruct,36,zero_based_native_decoder_layer,1000,1000,0.47262525962802415,0.46135384826583414,0.46698955394692915,0.45662071991318953,1000,0.3983365507192502,0.5243002352945041,0.09092686823780982,normal_approximation_1.96_SE
25,Qwen/Qwen2.5-VL-3B-Instruct,36,zero_based_native_decoder_layer,1000,1000,1.0605771447476862,1.0374964236099342,1.0490367841788102,1.0441119011957198,1000,0.9375594357261434,1.1574228825047612,0.18619298172063523,normal_approximation_1.96_SE
26,Qwen/Qwen2.5-VL-3B-Instruct,36,zero_based_native_decoder_layer,1000,1000,0.736860951167003,0.7215104235732623,0.7291856873701327,0.7209374359808862,1000,0.6373915595468134,0.8014272575965151,0.12383324102419409,normal_approximation_1.96_SE
27,Qwen/Qwen2.5-VL-3B-Instruct,36,zero_based_native_decoder_layer,1000,1000,0.9216284243957298,0.9083904654989396,0.9150094449473347,0.9122760000755616,1000,0.8411397647578475,0.987967030145395,0.10679107572843552,normal_approximation_1.96_SE
28,Qwen/Qwen2.5-VL-3B-Instruct,36,zero_based_native_decoder_layer,1000,1000,0.38655470788725227,0.3798372695588496,0.38319598872305094,0.3795469804244931,1000,0.34799904202373,0.4130964189998849,0.054189809080272204,normal_approximation_1.96_SE
29,Qwen/Qwen2.5-VL-3B-Instruct,36,zero_based_native_decoder_layer,1000,1000,0.3720428870907133,0.36601328059867155,0.36902808384469243,0.36558067478472367,1000,0.3334719866979867,0.40297810500487685,0.04864104568721888,normal_approximation_1.96_SE
30,Qwen/Qwen2.5-VL-3B-Instruct,36,zero_based_native_decoder_layer,1000,1000,0.26699295453951133,0.2627232025354481,0.2648580785374797,0.261726597615052,1000,0.24093626989633776,0.28517980470496695,0.03444423820639888,normal_approximation_1.96_SE
31,Qwen/Qwen2.5-VL-3B-Instruct,36,zero_based_native_decoder_layer,1000,1000,0.4408582053151774,0.43257739573280063,0.436717800523989,0.4240480774860771,1000,0.3891314178290486,0.4780204898650027,0.06680157946545467,normal_approximation_1.96_SE
32,Qwen/Qwen2.5-VL-3B-Instruct,36,zero_based_native_decoder_layer,1000,1000,0.36580671843850987,0.35716775229905495,0.3614872353687824,0.3595327898510732,1000,0.31407767566270195,0.4072334100928856,0.06969084089221798,normal_approximation_1.96_SE
33,Qwen/Qwen2.5-VL-3B-Instruct,36,zero_based_native_decoder_layer,1000,1000,0.3311752442860721,0.31646236605558303,0.32381880517082756,0.31101484832470305,1000,0.22655821505759377,0.39424790197517723,0.11868930139044166,normal_approximation_1.96_SE
34,Qwen/Qwen2.5-VL-3B-Instruct,36,zero_based_native_decoder_layer,1000,1000,0.31683405126991626,0.31214451570540924,0.31448928348766275,0.311350205243798,1000,0.28754307489361963,0.3388205200972152,0.03783064681685117,normal_approximation_1.96_SE
35,Qwen/Qwen2.5-VL-3B-Instruct,36,zero_based_native_decoder_layer,1000,1000,0.21562860618599425,0.21056941782656638,0.21309901200628031,0.205054860450673,1000,0.1808957300846714,0.2425687764284703,0.04081264879490474,normal_approximation_1.96_SE
